name,Return,α,β,σu,σr
آ س پ,3.007435968052878,-1.1798225751391709,0.9613114074713188,9.454945224761751,13.267930110044901
آتيمس,19.83222212074162,0.26685615425449116,0.942864694729841,4.268919799182738,12.64980015280151
آرمان,3.2183988764044944,0.6685872287924597,0.4094093056636019,12.347697308413364,13.066066726438692
آريان,6.3609352167559665,-0.4257073505184941,1.1590102245656067,12.331562109151786,17.56452789668869
آساس,18.43140589569161,0.32387918171514696,0.8306528164775598,4.082370014577909,9.74347909561287
آسام,8.486915146708961,-0.5702191049241512,0.6064378999456641,3.861663842938996,7.480962780569934
آسيا,11.55275974025974,0.012326506094566203,0.8970790975446333,14.003357967414596,16.2384474586443
آكنتور,9.185258092738408,1.3599968612589541,0.8819983576766244,18.794231667103997,19.43911465823239
آكورد,1.716774983517001,0.14841198007259856,0.06151323479002467,1.0915283114088277,1.316491904459842
آپ,0.32291733367484154,-0.8037479249972548,0.3166364075675899,14.620427481233603,15.149601773852613
آگاس,3.901481292299834,-1.7297849873609787,0.9777559491988544,10.88582247144157,15.987686473890856
اتكام,4.9012987012987015,1.350476567608625,0.5429206989684905,11.492535716049037,13.162967011766519
اتكاي,7.139558748075936,1.1891136716765054,0.5828138389889737,10.863996777983004,12.655624183898253
اخابر,12.476702508960573,-0.8265842694003092,0.8564454486967279,8.84416507713982,11.234860320446916
ارفع,3.4254350736278445,-1.010388551914694,0.9837863474256646,15.073525001356247,18.402821649568907
اطلس,21.01041888156496,0.5988796889823125,0.8178116479370027,3.163624895653905,9.266979380953824
اعتلا,1.5305422100205903,-0.7466778547871353,0.9455655828537821,15.386429265775364,18.43103615028533
اعتماد,2.0345402352069635,0.28167062244567664,0.0052759164463425726,0.964236539889673,0.9660904553359011
افرا,3.3466417412204565,1.9026314955114185,0.5736499356569044,16.824472385480394,17.712326164318952
البرز,0.8107647345348271,-0.5325856329445621,0.8310763333323624,11.357063537906605,13.618278668555053
الماس,11.347450980392157,-0.32830826015513315,0.7239763917023891,3.730018927798518,8.99605342160169
امين يكم,0.01906446540880503,-0.0881730457455101,0.03899011592937148,0.8898583745369948,1.0188674866956169
اوان,4.560731707317073,3.453385024188229,0.3030991468776763,19.707202995501376,20.136313756036667
اپرداز,1.989258359798244,2.6858901672916584,0.3440108278198106,19.501054153205956,19.967999522439445
بالاس,2.6727516578496386,-0.5206264519915733,0.9121978860390143,16.250589237266077,18.451112694451957
بالبر,26.603485838779957,1.1838687234567602,0.5005136256412421,15.294753556288153,15.929210632586427
بايكا,19.18848167539267,9.685661416870307,-0.05788327063195959,19.928486624874637,19.942157679730542
بترانس,4.743050338091661,0.26880164622160396,0.6956778260997865,16.34696028341846,17.46810033600641
بتك,9.954427083333334,0.37348890802288487,0.12665248856561973,9.264478515294494,9.38708369843873
بركت,8.105733824302998,-0.3962960920262759,0.9908688742464108,16.29538141459075,20.703552533246814
بساما,12.860588235294118,0.8767216473936641,0.40961107678402525,16.59083374915618,17.09937220874802
بسويچ,19.581768208886853,1.335630555282698,0.7161175997037273,18.05583085351991,19.13595911710661
بشهاب,23.56703443664326,0.4755276323479865,0.5320039249820943,12.944008792604293,13.793955304726692
بفجر,1.0594665500655882,-0.061148120325293875,0.6626893693942506,11.580570964986839,14.019737607399282
بكاب,38.78345363686841,1.3224691175127279,0.60594231045061,14.778644393098675,15.753521105521521
بكام,9.409683426443204,1.1248166931049706,0.8257822219638916,17.744431157311876,19.24471259025436
بكهنوج,5.822406544710828,-1.1651139218795952,0.824973066829352,12.459062788156933,16.13546187946939
بموتو,39.20104244229337,0.6679789707549197,0.6397624630034662,10.120025664819645,11.59983471103504
بميلا,35.99150743099788,-0.11650062978323292,0.9685354523014491,14.962083925406183,17.958066630666185
بمپنا,5.66290393979637,-1.1209186612169428,0.7855257342196482,12.215833276865828,14.714695533650156
بنو,54.47,8.055536980256724,0.5496582064258166,21.155945448615356,22.30738774066153
بنيرو,24.832625318606627,0.3389188674775286,0.7348641679194877,13.405098238025213,14.899642162920914
بهپاك,5.572872133696075,1.702506736283946,0.7617166266806967,21.413556491196324,23.556820286250773
بپاس,35.00944881889764,1.0225426612898756,0.9485429899992442,10.228509214045433,13.92611335527918
تابا,10.49859649122807,5.730035488934074,0.26473069324952175,25.09811946070273,25.280882563067433
تايرا,10.755403268318398,-0.008698453007245976,0.8821785953281854,11.361329057683237,13.819095288105837
تاپيكو,4.862544852332321,-0.4538067673198304,1.0918257404717615,8.071882403184995,14.053841034752143
تشتاد,24.50188679245283,6.260845796697089,0.07393573398387286,30.5472101112573,30.55911739213022
تكشا,12.753625400702182,1.859147251577469,0.6201375675158103,19.043293727381627,19.825977098052256
تكمبا,9.804710500490676,0.018390928009232588,0.9017430305317056,20.014961176432866,21.66455774319748
تكنار,31.370892018779344,2.7203124363147695,0.49392745058665866,16.33176503320477,17.157740368770266
تكنو,2.135817552433313,-1.0872490256192846,0.5177755227679762,13.37610009511296,14.155535430733275
تمحركه,20.87845303867403,0.547558235536975,0.8017485756106822,15.33130441675714,16.875542100961873
توريل,7.939335394126739,0.6550091084102734,0.6892368673280391,14.039548978918944,15.629000611939679
توسعه,1.5607917059377945,0.06482047005976257,0.876593662742056,24.84407824908721,25.807485451218646
تيپيكو,7.583733408641627,1.061873645545106,0.5714812031680868,8.950074566885029,10.836720636945959
تپكو,6.862165963431786,1.9441560552945139,0.8640581829462075,24.591999907195902,26.28174323833959
تپمپي,17.957365977205573,1.1710471267774856,0.7699169931076961,12.42112468890099,14.192001414424679
تپولا,14.56777856635912,3.5581387768615462,0.36244755244038784,19.286355580957494,19.81354697538862
ثاباد,14.902366863905325,0.5029676466714172,0.6395172168400173,16.871250028798237,17.80246677907308
ثاخت,0.75,-1.5214835045046904,0.6998869565878353,10.981254700964746,12.640233330967872
ثاصفا,43.11818181818182,3.360806524114401,0.44800539291790736,25.297350823549017,25.778284866896755
ثالوند,4.711197578901859,0.2957571290760871,0.6541844817611512,15.053936044586443,16.987065804787022
ثامان,17.428338762214985,-0.3803302064493681,0.7794287747498498,14.80457834423623,16.34966154738067
ثباغ,2.752715837621498,0.3175944506614329,0.5822639017005339,14.568953238840972,15.607427307299861
ثتران,1.7202797202797202,-0.9083412855984349,0.8972601832804596,15.823605492144333,18.118628809885532
ثتوسا,184.83783783783784,8.782920829052157,0.6348491226945108,23.848323068636823,25.062164109000225
ثروتم,7.030781758957655,-0.11862213624729558,0.5179936143833551,2.497587232090378,6.658271263879913
ثرود,2.4800220446403967,-0.6674032296341617,0.5328573589889879,11.712216433015456,13.089376552131544
ثشاهد,12.146449201495074,-0.5702002650010586,1.3323928743126383,13.51028409376733,17.93301228691397
ثشرق,2.4,-1.0358248558872594,0.8380950923643221,11.295083162554407,14.517138579911357
ثعتما,30.635785649409627,5.548641311006891,0.06766582026275987,19.492452736872348,19.507276768886314
ثعمرا,8.138708444784104,0.19821516039803444,0.7059601289868824,14.688810498644775,16.15411993487085
ثغرب,3.8655971479500892,-0.4430062532786127,0.8101837899055924,13.955286495831336,16.30680660738649
ثفارس,6.422118380062305,0.5680697498409181,0.6417318874361646,16.178150104600586,17.15248609405601
ثقزوي,10.538589211618257,3.5466851905106807,0.354081933852085,19.867489759134855,20.275494857600783
ثمسكن,1.6673640167364017,-1.8872866467010019,0.8489126700220809,10.50779294125405,12.932438522255048
ثنام,13.487333333333334,3.158191032462138,0.5892710303022786,20.957458896134508,22.096410262586467
ثنظام,63.54716981132076,5.927061913577771,0.16486757269156951,20.6714574286778,20.75305022820011
ثنور,0.8215043621787315,-1.6752711379674254,0.5336167377744695,17.916490406483398,19.30581255419132
ثنوسا,9.354545454545455,1.3996275380910892,0.7119915394772622,17.74337859462133,18.843765571088202
ثپرديس,1.5525024533856722,0.5317265567323275,0.7613025162776654,18.603550249607526,20.583625223940455
جم,5.55545049304336,-0.218973091245705,0.7802825597283323,6.79126308635578,11.236856102992952
جهرم,1.1741935483870967,1.0366627381834295,0.6267431801693579,20.86066022983889,22.20945087895516
حآسا,9.12106135986733,3.994443441727229,0.1590245810838354,17.459366077443928,17.596196143769212
حاريا,59.76994434137291,8.108682157523035,0.2648562915537295,26.142557471562586,26.34332145421168
حبندر,9.296006944444445,0.5451647276037703,0.43862239428390476,21.652728448288354,22.214492933604426
حتايد,1.019421761200618,-0.9477344511826136,0.7010292848149394,13.606133011921361,15.00254457486714
حتوكا,9.727391874180865,-0.07251907444419665,0.5161713930804133,16.954051479776247,17.55878073563072
حخزر,2.776595744680851,0.33229963399574614,0.5398277353620796,16.071882275390326,17.084017494747506
حرهشا,15.303220738413197,1.980963578968095,0.6136749163303047,23.022750993885886,23.8206400769998
حريل,2.318759936406995,-1.0329107015249548,0.5878222491667794,13.8904713496331,15.569634789684375
حسير,7.652638190954774,1.4245370147847802,0.3913586482041674,15.498456257183019,16.287452988260842
حسينا,-0.16825482521257928,-1.053948814500472,0.6998294054156636,16.558910604654624,18.18641657709541
حفارس,3.7158081705150976,1.5847453331971577,0.5378191818814855,18.36415633412483,19.150764312489258
حفاري,3.067048963387737,-1.9106648102911064,1.0172531859545937,14.509967405633125,17.19424595018367
حكشتي,15.89015691868759,-1.0242430531462325,0.9381654227349912,13.658413820297095,15.971236357795592
حكمت,-0.11971830985915492,-1.8382335432470522,0.24054485122752906,5.541295112949172,5.667756977766155
حپارسا,1.192180723671435,-1.997293098106144,0.8289633862417711,18.498488507078104,21.062064409222053
حپترو,2.248663101604278,0.7844575080641564,0.6438044359021022,18.4070214385445,19.27486386629089
خاذين,5.637630662020906,0.9560079118536885,1.015428599385589,22.157855352862015,23.91752442312722
خاهن,8.37727724412057,-0.1869879061387224,1.0165292865162805,20.0025711355807,22.07215851011448
خبهمن,30.604342581423403,-0.741989972842689,1.4171200472307206,14.296058745861577,19.05007524479005
ختراك,20.735205616850553,1.0659913361870605,0.5493736212771522,17.055811800106675,17.74679961087472
ختور,23.058697208303506,2.327461040017673,0.36950481021350584,18.714143030514915,19.023191105298206
ختوقا,1.273957769355712,-1.0681683544635816,1.296749564965455,14.824905860286128,18.799822625999923
خديزل,9.18116402116402,2.687553909218131,0.453238891619115,18.075400796848427,18.83647295591975
خريخت,0.7342130065975495,-0.8190626139815599,0.8467636369259746,16.52057483602368,18.304439806066778
خرينگ,29.430232558139537,0.5701469811501915,0.9290429960449944,18.298160786437943,20.064353404839693
خزاميا,12.576526566217288,-2.2007772261863057,1.7752593517556599,14.326829493191076,21.293004527156995
خزر,7.67,0.8032721096217978,0.8456618774911391,19.13796452622096,20.61482189909557
خساپا,0.7364532019704434,-0.554533921410317,1.1887119017367462,13.308615902524004,16.76687657827139
خشرق,11.424425634824667,-0.5749116992066926,1.0174016314250165,14.731693627583704,17.26578796175937
خصدرا,5.387387387387387,2.24168761748837,0.8869732091006428,21.554630557986084,23.43453325923183
خفنر,19.528992878942013,1.7727427574963228,0.37148641169856744,21.49893614745097,21.75627840186946
خفولا,6.796326310102647,3.6966651484390454,0.34219536958310864,30.062518376075307,30.438380744403407
خكار,20.002277904328018,0.3616758509625712,0.8460938351462598,15.056294832067532,16.82470954588352
خكمك,49.19417475728155,0.25628235306703673,1.098355790878407,17.57184572917552,20.303993647808145
خلنت,58.05579399141631,1.6825689958053025,0.5084334103816913,18.910445331552598,19.460684435464817
خمحركه,4.273291925465839,-0.31432896521465675,1.5539132669606943,18.86783028241546,23.348349411364957
خمحور,73.46650124069478,1.8961775337526046,0.608577769743679,17.004287780815652,17.85025297916674
خمهر,6.901477832512315,-1.0220567686861965,1.0302747303286897,16.243344726445535,18.66931821935341
خموتور,11.45503597122302,1.1379129445967489,0.713629070658333,15.159189611322807,16.42538338355862
خنصير,42.32206255283178,-0.397471666337954,0.9031711966361721,16.309546321310116,18.166886013688266
خودرو,1.589217919514047,-0.8840349824307048,1.5527469594348886,14.001191977496692,19.312269684611238
خودكفا,3.4578152605086836,4.078024708643727,0.39107807073494844,23.2016278902662,23.609435459455216
خوساز,13.699367088607595,1.038477233164117,0.9931038874321888,19.291545398397712,21.346967942306865
خپارس,5.599131693198263,-2.187966435690889,1.7251370413504796,14.01904972172846,20.797807747420705
خپويش,7.0578378378378375,1.7374807417273945,0.3093471571393055,17.51278361430851,17.74371756425934
خچرخش,10.9764177428411,0.9983143207075746,0.618739914000392,17.836290519189447,18.676007540024862
خگستر,3.034401876465989,-0.2978321856038051,1.610658212969318,17.203350098426338,21.973462564746562
دابور,9.146252285191956,0.9906037439724547,0.48045652655751653,12.334463922120396,13.054871387608854
داراب,1.6811715481171547,-0.3225507779297617,0.6118683609718637,16.332864161741142,18.378615396435233
دارو,6.26709644798382,0.021163442909216068,0.5883384613062033,12.534538880407926,13.577972070541277
داسوه,1.5409079466308635,-0.5931458781636972,0.6303824837435559,10.253787284741902,11.668849256759794
دالبر,1.5506172839506174,-1.3214379375391128,0.48432936646382124,12.872236247978678,13.567232709451016
دامين,4.218373493975903,-0.2605816779291282,0.5323699147713882,15.258607650255236,15.969549963709179
دانا,-0.5013761761505473,-0.2633499338201941,0.4908869943766022,20.281833370662042,20.816852755632056
دبالك,2.695916986239567,-1.305305670949342,0.7032857636244562,13.158415715405196,15.416183805424673
دتماد,10.739662344017617,0.16492006381068203,0.65696027560706,12.231790241993437,13.549375248808921
دتوليد,1.3429728166570272,-0.7564359275022025,1.1219024264427628,16.37407677504744,20.185097123480993
دجابر,6.65026330125295,-1.3865396438145732,0.8527756459236722,13.174723300353513,15.183554486667276
دحاوي,10.873571428571429,0.5184720636131666,0.4221740964716143,14.56714572561434,15.256880197247956
ددام,0.9552752293577982,0.9518158599657607,0.5485346447900747,15.177875453348303,15.947897976441384
درازك,2.2773591087811274,-0.2644493577101644,0.4488984709403523,10.019097078498431,10.778102889490526
دروز,2.941934164792476,0.6405248239359218,0.26673897700307825,10.875952926403134,11.134703950386307
دزهراوي,-0.4485312515638293,-0.4034203804424767,0.6604463270268632,16.764706614095008,17.759882106623863
دسانكو,3.3768305439330546,-1.0313628667650208,1.0073812174565542,16.63038757618097,20.53912151662356
دسبحا,5.869436201780416,-0.5312397321252387,0.7016599438608548,11.10679309466452,12.725056927277954
دسبحان,0.6127603012848915,-1.4513026669063207,0.6455573122176342,14.813350833316708,16.706236256034433
دسينا,1.5352632064165206,-1.2878449641644716,0.47131994043551356,12.39719962204401,13.080214246227643
دشيري,10.841403162055336,3.661827388907811,0.3459836760386148,20.293267645793108,20.85816389016322
دشيمي,12.868674194897533,1.4698731887347756,0.4722761133744116,13.229089937922108,13.887810810083867
دعبيد,4.314151497357604,1.2265848035874005,0.5681062039879715,11.200913042182888,12.306959697896676
دفارا,11.046439628482972,-0.2303808319831928,0.7129005176182277,13.958349442047394,15.326996991951207
دفرا,3.7651610581248875,0.08826529058506993,0.40975995603249815,10.688163247970076,11.291874641391072
دقاضي,2.7816796355279605,2.147191566824575,0.3482148876899778,17.22401386586406,17.87918970181033
دكوثر,5.556530717604543,0.08737980527283887,0.8095268730972653,12.740898957962253,14.617312484492812
دكيمي,4.401410052308392,-2.0933616696740645,0.5378287481229765,13.483546493918931,14.30228178117645
دلر,17.128665056916176,-0.38481009257289134,0.8051638055666277,14.066433170304672,15.790839511230661
دلقما,11.023931623931624,0.37848634761646993,0.5718375172674491,12.395452649266659,13.388895415439233
دماوند,-0.00877673430674486,2.0307917689346784,0.24358861042628438,16.195850542678446,16.45601097568535
دهدشت,7.527,2.2570793904313757,0.3481683359677272,18.45331447841369,18.717493324584762
دي,38.46601941747573,1.4204018951603952,1.3020959091800675,17.603045227473,22.52221415674238
ديران,3.2524723676556135,-1.1951887570632391,0.8901727750026585,15.175114732292196,17.10546760884367
دپارس,9.885942760942761,0.8282197650610106,0.6652564310512612,12.731357655385924,14.026963839050694
ذوب,2.372917786136486,-0.5919841270678183,1.1329306535539145,13.732787744728984,17.80470869444213
رانفور,1.7491991709063501,0.05952447200579667,0.32604190888941414,12.61042741999216,12.936598856065439
رتاپ,-0.29399796541200407,-1.0818153936935622,0.866408701049874,12.058819870475684,14.714075443429707
رتكو,2.639901679639492,0.6002562642798412,0.28817732164062476,15.946006063583713,16.148699609525348
رفاه,1.8725,2.3727318015487815,1.7144460811940365,29.03932561990766,31.440911164143813
ركيش,0.18839931409826288,-1.107330008421221,0.766465748551237,12.500265903860525,14.693341427074726
رمپنا,17.042121684867396,-0.4568948329052246,1.1280084232313445,10.532969782297416,14.790673815841057
ريشمك,2.329087048832272,-0.34874166823915276,0.5050913086791491,16.339523397348508,17.75864212130781
زاگرس,12.635859665795518,0.48835199473430607,0.8383154938930301,12.133304248761371,14.604364453603061
زنجان,7.38833746898263,0.573162753969352,0.7981307306268876,21.77625765942058,23.190012074027983
زنگان,45.828093452552636,1.248720468364283,1.1161033297835419,21.70146948960513,24.47740623810355
ساذري,71.11939706465688,9.751507860797293,-0.0047821531888739876,42.84376848991895,42.84380389799061
ساراب,1.0408474317939338,-1.0623004071815563,0.89727342874099,10.990174256035205,13.631300306657883
ساربيل,1.9355776857319116,-0.9436933735259897,0.8866220414996193,11.463680148801279,14.029434442730635
ساروج,9.721335992023928,5.121310194424212,0.546394037344808,24.318759785983755,25.357103936058163
ساروم,3.5100016809547823,-0.4714689210747688,0.860640616199733,11.733089404466927,14.012632837221327
سامان,2.8475009120758847,-0.684805965976049,0.905287516769249,13.658684292742077,16.98769627377152
سايرا,27.525828835774867,4.692177044558555,0.31180264618309284,20.116146976983206,20.40839001017974
ساينا,56.25951193912359,3.6858662936899083,0.6836071514868598,12.933458119282992,15.302868237542079
سباقر,18.90108803165183,2.5763331284065534,0.587720833218659,21.860127582328108,22.75176113388879
سبجنو,6.5,0.5254799550845634,0.48249825930004864,11.833443922794347,12.604904298226637
سبزوا,46.59861932938856,0.8901451556862605,0.9508877968056583,22.071629395746655,24.13278073755392
سبهان,6.188814368534728,0.5387511295049215,0.7710471985966469,14.38461140727923,15.947511241591148
ستران,13.804444444444444,-0.6872249171850877,0.9804508426174425,14.915836524611457,17.283214034392973
سجام,9.95110701107011,-0.2537668560349712,1.061901935927513,18.237228876583174,21.04751883278203
سخاش,6.59693776098628,0.3302633580234599,0.5912958580818316,12.415501032756588,13.495837848785143
سخزر,10.83368869936034,-0.5203582168819183,1.1039031062568796,17.53295412707727,20.086069362978684
سخند,-0.1971153846153846,-2.2253222595977746,0.01610927583975343,5.229491687312147,5.233695737653748
سخواف,17.750837988826817,1.7121888329464205,0.8078543795305375,23.591683770616395,24.952015089940954
سخوز,6.743044701469209,-0.3307075477282587,0.8466280520300524,13.927006702235287,16.880381549569414
سدبير,30.642706131078224,2.410803993842676,0.456205924054016,16.74457061736504,17.358813755205734
سدشت,7.366724738675958,0.4849162328547901,0.44836198216269496,12.788475009293805,13.43377335250533
سدور,0.07855519070472342,-1.1756008075910638,0.8517049843827564,14.7482673852286,16.564203099217725
سرود,4.4188481675392675,-1.240692996444436,0.8462301352143211,12.643682433199539,14.708623952075108
سرچشمه,0.9767306573589296,-1.7045891881697686,0.5390759734675489,10.039552519905577,12.422363185109285
سشرق,3.229229229229229,-1.814856977888106,0.9784864536053007,11.968534015497028,14.79597123776571
سشمال,1.5242280820374126,-0.8747116458209504,0.7689021561449569,11.051592735849178,12.978827036454646
سصفها,5.893846531012503,0.10362164415094044,0.6931139853666128,15.682018144129477,16.875370520594732
سصوفي,1.6726558113419427,-1.9275494585744277,1.1520360240276553,12.183394366498996,15.948139655305688
سغرب,12.184110970996217,-0.8485686182991398,0.6876023769314128,12.116691275785577,13.592995826192483
سفار,11.084213141224692,1.167461038949523,0.4564124566623684,16.225010791425674,16.79228140547023
سفارس,9.346504559270517,-1.721774194788697,1.1288176879490324,12.75768097185558,16.20415662136991
سفارود,10.91820987654321,1.7471895983814165,0.44697205908424936,24.780624785235215,25.301125598241587
سفاسي,7.259285714285714,7.417432988332916,0.4580384849308868,30.10765186248912,30.560104923056848
سفانو,12.570826306913997,0.022183209040875868,0.648118070610572,11.43764037837893,12.867550197585095
سقاين,1.0877875757426474,-1.1252531607795908,0.7973161422825155,15.480518375986314,17.09167526124995
سكرد,1.0796038849742906,-1.271833347597669,0.8371980242865791,11.851182736680359,13.9769562481474
سكرما,2.1259811616954476,-0.8419991865075106,0.8078378683989146,11.685599046585367,13.699436249342646
سلار,12.35781990521327,16.589131030376546,0.5835191852281808,81.6371279872805,82.07068069776466
سمازن,0.03645007923930269,-1.0051396173325562,0.6435078956022701,10.651416106005616,12.164908578555632
سمتاز,4.294,2.528949241099535,0.21082965472420956,17.218071937733892,17.411782140626073
سمگا,12.159842961301178,2.6197194634783285,0.51412470112296,19.016782257135805,19.69777053603326
سنوين,5.698583569405099,1.1478123223329615,0.30286887636163473,10.65559964156411,11.092750673403504
سنير,13.912374821173104,1.3003170820068448,0.479778251969586,15.039203554764601,15.684704584439082
سهرمز,0.21933928824613638,-1.0459034453728049,0.6212908132970515,11.373085665949084,12.68195156471137
سهگمت,6.310267857142857,-0.975156034522167,0.9729576692934507,12.948438524872401,15.566609004329164
سيدكو,4.046666666666667,-0.7802923779268245,0.7335682260799247,10.421937012202148,13.221665718139814
سيستم,5.17407639323732,0.31449850856830575,0.47279885176882674,9.2146929857879,10.983768458383505
سيلام,1.5116279069767442,-0.0279861109181532,0.5496571761632075,16.05979247132434,16.81675137591509
سپاها,4.622700998423542,-1.4918043212371153,1.0838042628043607,12.596078595556241,15.8439654905193
سپرمي,31.171102661596958,9.013855569929964,0.47260538730905477,44.24102111785825,44.65879347896978
شاراك,8.888223552894212,0.1920301167911156,0.8736217312583828,10.852835265503185,13.368158548043137
شاملا,10.691518358185025,1.727795945410644,0.5624436817459707,11.170896984334256,12.23366458031836
شاوان,3.9150838978173286,0.2873350175197853,1.176512834940499,14.926572131615979,19.548749007135218
شبريز,12.793537557700377,0.26304220243417425,1.1928052326702139,14.976294619838745,18.907814393865454
شبندر,15.272612536811106,0.45028381524647215,1.2884892962478833,12.202030058395067,18.111395292438146
شبهرن,4.902547065337763,-0.03966345045911035,0.8403484719008161,9.964405099450568,12.484224838346496
شتران,6.454909819639279,-3.150542573074378,1.6864627011677222,15.38702779487281,26.146893397167077
شتهران,-0.7259005031488455,-2.0658756370882494,0.01749655056024472,3.470129968275615,3.477611946343335
شتوكا,8.366861979166666,3.1259197288287064,0.343796838048071,20.29522249815725,20.69633018994199
شتولي,8.477178423236515,0.9714701175362521,0.5576450791774265,19.550163331759016,20.593751357576462
شجم,1.9118572927597062,5.641864023761852,0.27734076134752034,30.347808821443625,30.56597462429165
شخارك,4.421898838164535,0.8235967683165232,0.6483575805555334,8.454028019335665,10.272083758939104
شدوص,12.427041499330656,1.1482530377729203,0.5539863023369811,12.599951186971998,13.627204213920372
شراز,22.89284164859002,0.92365213000576,0.9313133073107949,15.607527701842558,18.412828298133064
شرانل,2.0306142603199686,-1.0275791429917414,0.6985408261986584,8.808027574769033,11.395624427866517
شرنگي,18.185430463576157,22.92752245137587,-0.17759147035688858,75.74205686399458,75.7815365689614
شزنگ,29.28664283392915,3.761901150298233,0.657396783106419,34.54033105530784,35.17659222032442
شستان,1.2669060442848594,-1.9647862810750094,0.6308633630699891,23.95966210129844,24.978717158234463
شسم,51.59671052631579,7.51301429120787,-0.029159980420732368,35.90300010026447,35.90444353989796
شسينا,176.99793601651186,2.0225197309448744,1.0436416646501878,16.07786584462131,18.781845550694552
شسپا,0.2897905327395679,-0.2881118513561942,0.8363969071771467,10.85080157481631,14.186053231209012
شصفها,16.784502698535082,1.2363451622843857,1.113139126659797,22.456733019326826,25.928134301677172
شفارس,12.943037974683545,0.21476949338949314,0.7826368530188275,16.430261318776218,17.89792667273695
شفن,71.44186046511628,0.6364325282834129,0.9997574523325589,10.353982526304868,13.66600198476202
شكبير,32.46771476698484,1.3638525462053388,0.5233347966311888,14.961942126246868,15.798341975367084
شكربن,143.54855195911415,1.5286620627176508,0.6736468417597299,17.063669588101487,18.07239076659456
شكف,37.327333333333335,4.06500957747938,0.2421714956597269,16.96862702103135,17.18902331415008
شكلر,18.85997666277713,0.8781339635800132,0.43097758058011953,13.405598001287563,13.936214092135835
شلرد,7.288428324697755,-1.3751582906696285,1.1653424172686038,14.249018705842705,18.225808930074248
شلعاب,1.5958345910051313,-0.4572280780635939,0.8026900000422457,18.664769698183786,19.97111666551265
شنفت,10.141129032258064,0.11800084356830082,0.8710588367924879,13.24202600777767,15.315269625631942
شوينده,15.29182476716109,7.401185618508036,0.30366316193769916,18.3150372630406,18.838631439451632
شيراز,105.6383701188455,0.014019822692307615,1.072986527571854,11.178121898000832,14.860477511351718
شيران,6.618510158013544,-0.6176620221710446,0.7624554597112496,13.528402615623849,15.174083796758827
شپارس,5.36983553951063,1.8100013617870407,0.45155432764972186,17.642110751638317,18.092567876200974
شپاس,-0.14582705634227178,-1.6311865923815763,1.13993597402266,16.870593192791432,20.554281311478817
شپاكسا,12.527566113850291,0.37438525980948,0.4116308538470367,12.020604372699848,12.562673753202219
شپديس,2.6733543359310232,0.2439784814428813,0.8977544619370034,8.902331866224255,12.547534488988179
شپنا,5.133528980190755,-1.1703989228621134,1.5820506463173944,11.852444437842369,18.751616156874555
شگل,8.44372574385511,0.7903367642504712,0.3568509402501592,13.548507955825324,13.911772027273313
صايند,-0.06157311807771729,-1.5529986626985914,-0.0001700667455784297,4.035723450035373,4.035723921733016
صنوين,9.763447079236553,0.015207383872563953,0.5823348280743369,2.8814464455417834,6.860382916407464
غاذر,30.68421052631579,2.0151447805923537,0.3809643785188307,19.88091234374321,20.1834736033959
غالبر,2.8567335243553007,0.9040090323919063,0.5881177505111057,17.89724257794122,18.67748124497298
غبشهر,5.940916620651573,1.1198073679531317,0.5795658262729675,12.562126242407514,13.608368699427174
غبهنوش,8.049917056250942,0.09423260127032837,0.6728426522680805,12.48685670334791,13.91619637004609
غدام,24.95230263157895,2.1199262109853527,0.601389970891064,18.130984777717696,18.948064320353243
غدشت,159.60340098738342,1.6806029911982294,0.6438665017772132,15.830220509306471,16.57499361031926
غديس,4.530576679340938,3.3558899993638343,0.27564428800781005,21.305759162967433,21.595750743983988
غسالم,1.8588661037394452,2.4438276158206684,-0.01942123617153528,17.096447661378456,17.09733840507227
غشاذر,1.870014575327945,0.03131389709865169,0.8357163380542287,18.975335971081698,20.570253996563228
غشان,28.58938407611417,1.1768252260448608,0.7194384667211688,20.14252635236865,21.138966245618896
غشصفا,15.859772604223064,2.6420804457938747,0.4582193864212468,15.192023634952612,15.73489954742317
غشهد,6.2631578947368425,0.24007938664321365,0.5264559742673972,12.928974763516127,13.765944749034457
غشهداب,2.5306930693069307,1.8749908616380746,0.7982954959009629,17.437747860041448,20.181660545259323
غشوكو,1.0804545454545456,3.347135530500516,0.4829750127433663,20.858269119799978,21.499759916671287
غصينو,1.412619612921793,1.629526662050035,1.0301644630374363,19.585551839119375,22.07451056981016
غفارس,2.7098976109215016,2.934895791786464,0.3976181118213229,17.135078610255977,17.617101587804598
غمارگ,17.520446096654275,0.7180426741267086,0.8430703390270764,17.38894356637856,18.98017087018332
غمهرا,25.41395908543923,2.835023467620348,0.4874582520880239,16.839172518327352,17.461465361616064
غمينو,1.4972308757355486,0.800938916648195,0.45965284684133956,16.13939446164214,16.88734549417624
غنوش,53.78844862323707,2.736905776139916,1.2462783224517149,20.391047558431833,23.836276491187714
غيوان,5.114,2.165972021982951,0.1993547778366853,20.0670730676773,20.19626280984463
غپآذر,8.44638362141299,4.947167120620456,0.33512065866777013,20.48862639175034,21.01412065125331
غپاك,6.10091743119266,0.13379413235366402,0.9031849332869621,12.199084932788436,14.646339831495792
غپينو,4.639931740614334,0.9394493452256152,0.871248825908445,18.34659408000222,19.91574816775397
غچين,30.20747164776518,1.3358447742604938,0.3845134570769737,12.850079752903842,13.337777857264577
غگرجي,6.204081632653061,1.9122258844627547,0.3112797774729346,12.472602515638172,12.77489136720726
غگل,-0.0774526678141136,1.2554603198089156,0.3744567852041308,11.023037704037247,11.536764680687982
غگلستا,0.9185311284046692,4.8036233438773,0.09688595670996464,18.848708774887086,18.88713198315786
غگلپا,4.717693236714976,1.1143511653390628,0.39100415732840443,15.211332732697917,16.013063720661627
فاذر,116.38853503184713,1.8244978734630488,0.8724894812866298,20.714520265593347,22.18396802203106
فاراك,30.362126245847175,0.21366290602309623,1.008472035238198,17.708655348247422,19.932257066091857
فارس,2.1747821629933366,-0.03617404037549049,1.0323320231202378,8.128119470394383,13.472797209140257
فاسمين,22.12019425333873,-1.1200302120285164,0.9999073374337274,13.547106326119488,16.187604702064743
فافزا,20.037435456110156,5.898941076396698,0.16658236213135608,18.635525931551253,18.757041722054808
فالوم,14.905239179954442,4.7641872104200695,0.5268143701763106,20.87997925979297,21.677469280062986
فاما,8.972640218878249,-0.7699288672283884,0.700072822792773,13.18795293296669,14.571000341839666
فاهواز,36.031657355679705,1.8131322308210245,1.0214494580080786,24.682987538840287,27.67526823992978
فايرا,0.30527970279345573,1.1586229014834464,0.6967977153941675,17.155228025112482,18.51745535060943
فباهنر,59.253583241455345,0.2835931661836638,1.089610672748463,15.78898977568253,18.5012183799541
فبيرا,3.6745454545454543,5.464378031530181,0.5723306588544431,26.401778421822325,27.1835887040071
فجام,37.37118754055808,1.4660551574046645,0.5078241151729207,12.176528139591861,13.004750387994893
فجر,71.0618556701031,2.043962607299059,0.42989761796231946,12.441018476168251,13.032900324444892
فخاس,11.288686605981795,0.06604946613570828,0.6696539291964703,12.314056339522834,13.674698618274698
فخوز,8.166863905325444,-0.4162673089274724,0.8681631740419624,8.73864064075211,11.671900518116326
فرآور,17.947804473902238,0.9526381150793415,0.7895277866219079,16.373078295721314,17.80045124226068
فروس,5.719319562575942,0.10188967375549952,0.549378392271981,14.146824650723856,14.964471442019747
فزرين,1.5337184757249194,-0.4022013161828757,0.8371495608442204,15.403596286402452,17.62345366110353
فسا,2.81625,0.3686068709751634,0.5943198764422161,17.653607923801083,18.87512778708274
فسديد,52.231412230532335,1.699552030941802,0.3762068484036983,25.407798112813786,25.76265075871369
فسرب,211.92786421499292,0.8350479551235402,1.0754154129557496,14.25043782178133,17.156582139918207
فسلير,14.183428571428571,8.543398399120367,0.1831450946670522,30.247195436022146,30.337345356518885
فسپا,12.68389780154486,-1.0312646741123461,0.9250049433487358,13.03734077588031,15.433533125216126
فلات,3.4762228260869565,0.1972927955128707,0.638319213725713,14.498727168329685,16.035392853083817
فلامي,161.07142857142858,0.8941135577278294,0.5978848881881323,14.582090351453646,15.569627427663743
فلوله,4.355871886120997,0.4378505308098172,0.3823778267580461,14.518413830200187,14.91767843741941
فمراد,34.33738034088256,2.6106340695103825,0.5830549485351502,19.199872367649945,19.98587538189443
فملي,8.033613445378151,-1.0314319481473673,1.2606329442631297,12.156646581024953,16.50069902676501
فن آوا,6.640944881889764,0.7721379180734511,0.2010063737467508,16.796097262727425,16.90874365320511
فنرژي,3.2944422546314547,2.416800674479339,-0.06303754793077816,17.90505535048043,17.924121572816905
فنوال,19.753854940034266,0.8152334767522255,0.8916902435785186,13.743896760696025,15.895385273056927
فنورد,51.67700875099443,1.7694630039816341,0.4964659142366156,12.450625731569504,13.25104123466205
فوكا,12.77498388136686,7.636426989427542,0.4685749606130826,26.677670589756726,27.310195896370352
فولاد,8.104633003643935,-0.6935790888277807,1.257741876100837,8.951119980308516,14.31389329187444
فولاي,17.64100744945016,0.4906664165273316,0.8503593228409595,15.844098660230916,17.842082727667172
فولاژ,6.093815513626835,-1.078862188539267,1.1165133622798562,11.893878473778564,15.995214261810938
فيروزا,1.0578809361950083,0.38353806300435733,0.03933220345954519,1.4301848012073508,1.5387997587670423
فپنتا,271.4117647058824,2.956801657857218,0.2616163744031784,12.086063129605312,12.309380962037013
قاسم,0.22381880175353142,1.6947049319300076,0.6390249955074343,21.015651586670664,22.2009655948732
قثابت,195.71081677704194,2.820183249006046,0.5619012815166626,17.368202319101606,18.090314523323492
قجام,6.509672880759761,5.465185460552447,0.4929711713236307,22.16691595561645,22.78767904888786
قزوين,32.855421686746986,1.9056933166909138,0.4501181663403814,19.886505303550887,20.303653682876842
قشكر,43.08247422680412,2.7961274484083427,0.5482708113511026,20.950844003960345,21.517543492425272
قشهد,9.46,0.21207224089322874,0.2691758561023458,16.684438884432105,16.860892862095632
قشير,6.200748847926267,2.8297068593355577,0.18429833676730897,25.314861201969002,25.382381821640255
قصفها,133.90124359912215,2.7900896494254983,0.6778504377047043,20.038227010463036,20.950988832004345
قلرست,15.668887408394404,-1.7387120185610005,0.6579846829324141,16.666848104045727,17.765631972236786
قمرو,67.04029304029304,0.7925492264165502,0.4483797274369517,17.942638012581135,18.400053193998524
قنيشا,103.06122448979592,1.5904667412239542,0.6602615573314687,18.83482324391406,19.742026859584822
قهكمت,35.27563576702215,0.16234460319788419,0.5054008158113603,17.230884527183502,17.806044200840223
قپيرا,33.90748898678414,0.19818846726365758,0.4161189292346764,14.798448473393739,15.255155320680322
قچار,38.362797092909055,1.6412607007890043,0.5571383437962171,17.51387323159646,18.43252929433715
كابگن,7.984375,1.5607270905616888,0.45869633667330517,19.41457518459953,20.036422286351364
كاذر,51.39099859353024,1.0977008247038034,0.7050761279891664,15.820515155539498,17.04265550393692
كاردان,20.508282476024412,0.001577816486265038,0.917407690229173,4.020035684943717,11.613416712583602
كاريس,15.995753715498939,0.23675338207111765,0.886462095028459,3.95220732867275,10.176089815222863
كازرو,5.623150565709312,1.2296592328794802,0.523258338770612,20.599216028073474,21.099931589263623
كاسپين,0.5039714058776807,0.10842700063104121,0.5655472250809194,11.157562833187168,13.006956127643395
كاما,61.62615101289134,1.3345086628256533,1.2402515522799271,17.95960492116833,21.04860061328311
كاوه,7.486116394066185,0.696722167562302,1.0416306114982739,14.272422848621357,20.35693125313193
كايتا,1.6471428571428572,7.274033345860585,-0.017652174121881133,24.323785869563896,24.324800431873896
كبافق,4.172052401746725,2.226186531351082,0.5284029692957825,19.11093158172296,19.709187750272452
كترام,91.72727272727273,1.6711297970517194,0.8427180235528801,21.878376257523737,23.16883058848927
كتوكا,31.977300169041296,1.7723397555316969,1.0188422333464506,17.18438665120292,20.88202933016625
كحافظ,11.71111111111111,2.643166562855972,0.1427778130092971,16.99947780401438,17.055931228863304
كخاك,10.245689655172415,-0.02662347245499401,0.8919991908005204,14.209766619447564,16.255626344232212
كدما,77.03137651821862,2.9054059404482784,0.5935866155421079,21.957665091401587,22.66895574142931
كرازي,5.3821285869960045,0.3626229769933161,0.538434744338611,14.439158990448215,15.225268333127582
كرماشا,6.604166666666667,-1.3290735698810239,0.9118158435649195,11.693544668942836,14.701401710129696
كرمان,98.81264916467781,3.7090135612302952,0.8952399262114895,25.152594314909127,26.738030260114847
كروي,23.152173913043477,-1.2130052910982911,1.1112162869401048,14.60543963204914,17.608233886664802
كساوه,31.169421487603305,0.8549239813450039,0.713195095843947,14.36757326179269,15.693886360339615
كساپا,21.52723311546841,1.2394241837744195,0.6010732216873331,14.718938920580188,15.717230084002148
كسرا,19.473840078973346,2.833900862309237,0.4851444696725877,17.23316536089879,17.807427392056915
كسرام,45.34953042057983,1.6447988184965145,0.4152617969313347,19.562797004515225,19.904609702719316
كسعدي,49.518945634266885,0.11092118507236345,0.7816224411242989,15.251883707431986,16.744315261025175
كشرق,34.84841992501339,2.2624645965216,0.5638362173507799,19.68874635052292,20.553963465356077
كصدف,9.822250639386189,7.86980664707244,0.0846767470704646,27.60385806255498,27.62626880160862
كطبس,11.20426329351136,-0.6755337511316296,0.8464541954358189,13.829236545030799,15.766752803632627
كفرآور,19.491053677932406,7.83568410699254,0.2552230586393931,23.232494340190033,23.522902684454767
كفرا,27.501291989664082,1.053456439380342,0.7988762330019001,17.38263481788114,18.762509837190954
كفپارس,114.45517241379311,2.432801771406268,0.5995695400848496,20.936888865570427,21.714104079812667
كقزوي,2.947707464948844,2.8154559412891467,0.6745837869047706,21.65948431033322,22.8515365889215
كلوند,15.544362908605738,-0.0675467601292167,0.621440246840544,14.985922300821178,15.972780856859888
كماسه,22.757455268389663,1.9002071938428755,0.7235136164264733,18.509492920943874,19.67823026944858
كمرجان,9.415826720995067,1.1545746276043358,0.44065104708766484,18.071997101325127,18.511471220470355
كمند,-0.007724301841948901,-1.619444115554624,0.02170645771304845,0.5645860222298197,0.637529956642993
كمنگنز,15.324341378766366,1.1367389987523664,0.5285245695582838,15.522181856416383,16.216045148084305
كنور,2.6920739427703215,-1.2048723870911096,1.1170188707170834,9.654630820485306,15.462642631360994
كهمدا,20.04642014162077,-0.4243240893672098,0.771883522433723,15.635928058287597,17.090129403699954
كوثر,5.7601607860652075,2.7003801127664127,0.39896588208372036,13.683174205441505,14.440682208536003
كي بي سي,1.448090692124105,-0.31528370690324287,0.36028532807944613,17.121802466387322,17.55289395976871
كيان,1.4260017131436185,0.3126103041935915,0.039800813246384494,0.933655513613376,1.0622156375886913
كيسون,19.076996197718632,0.21963640207737248,1.0155936432620707,16.25650055796841,19.827048342195184
كيميا,6.369339741968125,0.9407473081419336,0.5927182088707691,19.20554880534076,20.438291461996137
كپارس,76.43232157506152,0.46876418910541895,0.773582750967459,14.883560300312006,16.45774630658187
كپرور,7.270934055308451,1.1558223819873241,0.5597603056872261,19.201489694651002,20.253934351678215
كپشير,15.685032139577594,1.643445500456504,0.5616113499194216,16.999149383025372,17.717708915120124
كچاد,1.9801324503311257,-1.4770310461088845,1.105292272946345,10.290834718265957,14.256243125199358
كگاز,28.328703703703702,1.7471376967272743,0.34827758465398184,15.37859830474713,15.69413403945527
كگل,0.9615524781341108,-0.6495139243894801,0.8279990890897145,12.182100396198976,14.255255235919995
لابسا,39.14341590612777,0.6662723010460407,0.6980878861526956,16.540089248799482,17.6587611511199
لازما,58.93726235741445,2.49175504377563,0.8434522906157915,24.930936597270392,26.562973252983536
لبوتان,29.573343261355173,1.4017556978913734,0.6771749471064591,16.200747656558985,17.280377973274334
لخانه,17.349375,3.3841732771860067,0.21356886196780886,28.420124857121106,28.521400570833435
لخزر,136.4573055028463,2.2575291444123873,0.7784585621163097,15.783862113774237,17.2618345778127
لسرما,12.061111111111112,1.092422736714859,0.444131883932055,14.296443497068713,14.828791359042292
لكما,7.950155763239875,6.601790543692497,0.2784309070749407,29.751432641383268,29.901088955624722
لپارس,457.3955223880597,1.9226774277983258,1.1674840334538599,19.74499784789302,22.901961578509926
لپيام,47.35098335854766,2.1400556683520073,0.8779850169765211,27.509591286365453,29.090621218574167
ما,1.7383748238609675,-2.2361273932039007,1.0382431370194856,13.290131296772323,17.847268619768318
مارون,7.89540753508988,-0.10935981978346071,0.7760059291889418,9.562523196857462,12.226488848377453
مبين,8.284977655551735,0.36296755955159,0.7387085362954675,7.1611079698151086,10.979514726941694
مداران,28.906152241918665,-0.8569770176271487,1.0739319694623144,16.55573650635679,19.156461846998788
مرقام,2.883783783783784,-0.9870443562906049,0.9624792410648131,15.286405300028676,17.60334579670379
مفاخر,6.6973241702003214,0.46281619801079976,0.5698726453366834,15.038047257003777,16.2444142578314
ملت,11.057291666666666,0.5927901514084002,0.72442997342364,12.691761395031083,14.642518080487875
ممسني,7.129770992366412,0.8962394257306504,0.6025510638069743,19.098985979353326,19.80039941439313
ميدكو,8.602586975914361,0.2404771028176571,0.7345623326408945,10.434135363055642,12.655737022442969
ميهن,3.719224283305228,-1.087469250270499,0.9949469525793677,15.164582599979264,18.303384247968175
نبروج,7.208333333333333,1.6595211970775374,-0.01341172279537102,21.180567594947124,21.180894455086936
نمرينو,15.676096181046676,1.1957832941153037,0.3793924608164445,12.050087715033893,12.552252236296107
نيرو,31.627476038338656,3.1139464196375304,0.5680783808087213,24.49847427589171,25.14585776757213
نگين,3.6363636363636362,-0.4862639772995193,0.26508922164487303,10.478152853717006,11.149667661545347
هرمز,7.788436268068331,0.28179064556306566,0.8046468858254834,12.999137929265139,15.916196274696988
همراه,-0.040658563838277886,-0.5809620330833103,0.5109422230696451,11.025990433772716,12.270901598081577
وآذر,79.29487842731506,1.153820843131857,0.8020756036009719,16.12177250121448,17.615509830440807
وآرين,3.3958521190261495,-0.6867402669937392,0.7927782727832994,13.941267097452712,16.3320106858056
وآفري,5.215249908792411,3.1473421557878556,0.6148898243964404,25.00442350292693,25.826111729086193
وآيند,22.64262295081967,2.5603708752552503,0.948315496943268,18.23535488252684,21.61985941627928
واتي,16.484957882069796,-0.2899328688866242,0.8442577485694469,13.983174125671152,15.918865178716493
واحصا,13.542741935483871,3.75050967484392,0.3812505761512185,21.543179872006757,21.92822548370527
واحيا,155.05034324942793,2.6632592532368946,1.0052987966672458,17.788582997931293,20.504486058154658
وارس,24.19625,1.5035608277110377,0.7922126386101485,16.68974105224075,18.83003627718333
واعتبار,6.145708582834331,-0.6641752685468947,0.6061553570013363,10.01570874347216,11.377771057323148
والبر,10.05875152998776,-0.5148983405782404,0.7847373884274196,12.338311794990627,14.16544694520759
واميد,14.84077380952381,0.7640272204512705,0.8751547222292364,8.30795073993762,11.412170787445856
وانصار,-0.2772002772002772,-1.4318745423972654,0.29373743939908714,7.982066538434223,8.179446304249257
وايرا,5.436708860759493,6.773864352765621,0.4450099646650566,30.683109611634535,31.19943348142097
وايران,5.234158117079058,1.0862913421206195,0.5721627682597081,18.467887540940016,19.45463045239912
وبانك,12.849509269356597,-0.7859035527659637,0.969749758427371,10.759786752495318,13.845342956730969
وبرق,38.28077832333152,5.436513248126039,1.2694094740974091,26.65956336879539,31.676234589247514
وبشهر,18.290123456790123,-0.017198447100940484,0.7831891763198653,12.939399036746083,14.716492609535843
وبصادر,3.780388151174668,-0.24440764566362877,1.0184700072375472,9.928864332953427,13.950393128106237
وبملت,4.669291338582677,0.393834429502936,0.8379385129621254,8.219502165555786,11.206276552880137
وبهمن,14.280685061845862,-1.6615569039423776,1.1948679660568478,11.86659247589861,15.913230278859745
وبوعلي,25.122994652406415,-0.6110159927801376,0.9605212493285051,11.276080444092324,14.121670947183869
وبيمه,3.391891891891892,-0.548228449645928,0.5801870560394122,15.286960867327476,16.148658778053896
وتجارت,1.7335375191424196,-0.10843385241849257,1.0577300967621104,9.931883866063975,14.053307906560608
وتعاون,5.54646017699115,2.2553758615750263,0.35665615841116244,15.094469880573826,15.632150823333777
وتوس,22.524115755627008,0.11858448266446914,0.8776609452681836,16.416906292993808,18.1619130088672
وتوسم,14.539325842696629,-1.3783528595810732,1.0159467367628805,11.369421179233099,14.515441906317216
وتوشه,19.454545454545453,0.4487523118062813,0.7463020665679054,11.110684490751543,12.934848116195617
وتوصا,18.97142857142857,-0.6486811018204709,0.9336905416695179,12.240663587912339,14.76902981619765
وتوكا,11.027027027027026,-1.1947588617197498,1.0667479864385083,13.108110660192633,16.191076382052948
وثخوز,36.581,10.933051128676945,-0.31562526780121264,35.33016837660794,35.54131284450576
وثنو,8.878163625662154,3.393765876666547,0.4990051438464586,19.73345332616986,20.51680566530799
وثوق,10.662222222222223,4.735046522057367,0.18090054445720136,24.821990872165685,24.906977533576047
وجامي,12.966666666666667,5.5419057701873795,0.16520661796889827,30.285418592033814,30.356138361834606
وحافظ,21.566830745929572,6.072262341582041,0.5635306454742662,26.184465482386607,27.25439308536907
وخارزم,10.101905550952775,-1.0709610532779055,1.0057206508553935,13.130579046712445,16.779013005922664
وخاور,4.95190380761523,1.0402690721794126,0.3618616303038467,10.144767765491869,10.931039070186925
ودي,14.819526627218934,0.011168684005107454,0.7713917211613897,13.134746423766847,15.094535708997485
ورازي,14.299,1.261844715528388,0.5899864570649523,19.103738721688277,20.21019409989101
ورنا,9.283822138126775,-1.5363312699522351,1.5364241079073293,14.004830212002581,19.660864323516382
وساخت,41.78215223097113,0.6367907721636198,0.8351620931677375,15.96827540452396,17.606226729817976
وسالت,3.156,0.9725159302328384,-0.04722426996603663,6.907026768201996,6.933648034966626
وساپا,10.59,-1.847646961724905,1.4819601195156038,16.2686116192913,21.264395702733758
وسبحان,5.801071667782987,0.6844707293329649,0.6284285493003812,10.859950637446095,13.157450445426758
وسديد,11.141794514179452,4.1277007875360265,0.7378330718066549,22.85187869583125,24.249115375723573
وسرمد,3.265738899933731,3.55104734658548,0.183764943781103,16.012033779517928,16.142135968571704
وسكاب,2.6678374310085298,-0.03424535492832689,0.7905798111843899,10.32508108745858,13.268128001052583
وسنا,3.404191616766467,0.25605710051432795,0.9797028090769975,17.10362604981699,20.190629197963734
وسين,23.243434343434345,1.8074495323050863,1.0189939493292155,17.926521194435573,22.167124386131523
وسينا,12.012512030798845,0.3133794374332217,0.6902892354525414,11.569171312663853,13.178688538302039
وسپه,18.27654609101517,-1.4938868733418587,1.0411820533401395,8.629825135705275,12.641002998755827
وشمال,67.23717948717949,2.6473501159443615,0.7067957727711947,19.40110640456062,20.51265783451859
وشهر,2.6770833333333335,0.7996087476572422,0.7767111444095751,13.936296047144262,16.75544689670753
وصنا,10.177062374245473,-0.6554569631030084,0.7914736238150857,12.496721673077667,14.32617341589921
وصندوق,11.321937321937321,-1.1530510398365525,1.097326649009901,8.3977960088695,12.924579032045214
وصنعت,20.588366890380314,-0.7039438485191987,0.8308757500290204,10.59247539887682,12.894928862428804
وغدير,9.318302387267904,-0.6164576411952518,1.017087146865296,9.497545519256166,13.085789544679153
وقوام,-0.49341438703140833,-1.1405849873835323,0.31122937501327774,15.989493816956433,16.069560230593602
وكادو,17.44433781190019,1.774845227048249,0.7872327204635551,20.805344836235037,22.285362057620162
وكار,4.434944237918216,-0.8400409371863792,0.7650661482555468,11.03099915746494,12.982953714608607
ولانا,8.29933774834437,8.758525369868408,0.24381425915175192,25.337785437953457,25.57127286791796
ولبهمن,3.861070201276387,-0.33029155434656654,0.4839795291941775,13.893675789050192,14.894568187078569
ولتجار,5.681954137587239,0.2675708087295441,0.5189182748726977,21.451829086392273,22.07611368301108
ولراز,14.409333333333333,7.337283382828651,0.17722405880551767,23.262972170667606,23.37802675888701
ولساپا,0.6959511077158136,-1.2956090107429545,0.7241195953313427,12.580398616277952,14.118821531150537
ولشرق,3.305295950155763,2.4450047260315526,0.3929808346410317,18.6217462046263,19.39230979601823
ولصنم,10.238317757009346,-0.24159153753522647,1.0059474167599955,12.347589339546992,15.22275028025524
ولغدر,23.31179775280899,0.4150982159806537,0.738060349460548,13.315068923300439,14.879095466993652
ولملت,7.466003316749585,0.44411128875940253,0.6403980980292847,14.867969417088979,16.79625548147161
وليز,5.14168247944339,0.20534650980791813,0.4653049355364777,15.12717439749057,15.67773994239475
ومعادن,5.910112359550562,-0.1026362278356428,1.1160721412255157,9.440240991691125,13.724623406192071
وملي,710.917808219178,3.806867109318661,0.8698601088998745,21.024179837371136,22.570606681248705
ونفت,9.809555408095553,0.15274120543972558,0.680795545987449,13.921771056735649,15.169828138141936
ونوين,0.9054492962829304,-0.3694793847832176,0.4255302994767636,15.01715343941497,15.505306715348077
ونيرو,6.2125,-0.5992047363859946,0.6730492447938149,12.016603783903555,13.512515398905508
ونيكي,62.00854700854701,-0.21319155169465653,1.1255524722956645,11.441237802677163,15.200060401603917
وهور,15.142505133470227,-0.11298026092286242,1.0961324769490683,14.558217248518067,19.72135234546691
وپارس,1.7299528301886793,-0.9559309501626918,1.0748244036674632,11.311625263072692,15.148880878267063
وپاسار,4.469387755102041,-1.1579063645370304,0.8991101576510612,9.07840274465957,12.928399494242562
وپترو,28.24561403508772,-0.3286911095983614,0.8884648661908474,15.04296336983685,17.03124484180508
وپخش,30.5,0.5739863081881682,0.5488974989278733,8.41579377271421,9.723467582317522
وپست,1.2496056782334384,1.2916637440617116,0.7044788428993627,19.16753898194108,20.401811846235745
وگستر,5.415088481837938,-0.23896143059203118,0.9346826255523054,19.580970256166502,21.60589588258327
پارتا,14.762631578947369,5.642350513549182,0.1447499884526725,19.135764401843716,19.22331837478274
پارسان,2.786692759295499,-1.2225596755852592,1.1689462780746942,9.335532571679817,14.897722090467573
پارسيان,2.896068188067088,-0.8199374187799013,0.8339392123292751,11.739880123562232,14.132143547261379
پارند,0.14107485604606526,-1.4315524575698402,0.05055343061320876,2.499688643168193,2.5753320596783134
پاسا,20.49,0.6732860910508769,0.7018048646631526,13.968481577271445,15.37210212091275
پاكشو,4.710709093845906,2.2062004969889437,0.28041272866670164,9.783062611916563,10.23539104423289
پتاير,162.21711568938193,1.8704612637365756,0.6903489036220436,16.23931169595018,17.404446828247817
پترول,12.777955271565496,0.039521163092477524,0.686159698168187,10.813566560517698,13.59990101521299
پخش,7.558791507893305,-0.5770799493980643,0.7634002203233734,16.17068312462996,17.998021417223686
پدرخش,293.36692506459946,2.0910776146913683,0.6216059870833462,15.805320102506691,16.742468622922267
پرداخت,1.0400077309625049,-1.5328756869311788,0.44005581569512986,13.360299527188888,14.61734695370956
پرديس,8.359116022099448,-0.8489571426591789,0.9666448650346029,9.900415640554705,13.134813625468297
پسهند,87.4090909090909,0.728464238264063,0.9211019745978917,16.062932449535644,18.038363228080126
پكرمان,16.678321678321677,-0.16480752427975026,0.4988487437467411,10.98677101160648,11.886081972000337
پكوير,0.04855942819246924,-1.3284949004099875,0.862152999795466,17.905470393377325,20.363533847934814
پلاست,95.23555555555555,6.071682798705972,0.45713283464298504,28.13927222621159,28.616026047853698
پلاسك,6.624398073836276,-0.05740155657119567,0.7507344746127631,11.850079655733555,13.797184381009956
پلوله,10.30122591943958,0.8176909911325794,0.440031141558823,16.43881739006199,17.136252637608568
چافست,5.2733644859813085,1.9309126126482015,0.5332860099569912,14.597597222817653,15.370878978242583
چدن,9.670144462279294,3.381014662398396,0.7662036788697193,16.66294584643101,19.723231638405146
چفيبر,4.950985615343633,2.0607786985731606,0.7673033728108297,16.70962986296884,18.07939407231397
چكارم,0.4636973764490543,0.6111072599416206,0.15196961152989544,13.532961268629636,13.551514701592644
چكارن,0.6816581931951505,1.2680702488485387,0.49306116754706175,17.034783045441927,17.584871569861555
چكاوه,6.264062792001495,0.6898882943156462,0.5590819697205092,18.18244525116224,18.853759391000885
چكاپا,2.6996644295302015,1.738758347352061,0.5604358826855133,13.641704055182027,15.244189071113423
گكوثر,9.720855038620442,2.006764091628499,0.8522887436078083,28.226148684186054,30.52705835295832
گكيش,57.2,6.028907903014184,0.5543476629808016,18.339683114344382,19.541975113854935
گوهران,7.388451443569553,-0.37255226630303273,0.9813283804057603,15.61251377537769,19.63689936522903
گپارس,28.531622122254564,13.553607770549306,-0.0023974596726769465,40.80743453259076,40.8074467002801
